epoch;acc;loss;val_acc;val_loss
0;0.876924708818025;0.290028898549473;0.8868267822473851;0.2689151385205281
