epoch;acc;loss;val_acc;val_loss
0;0.9525740819668349;0.12837954971893178;0.8309513585944633;0.4583932426395076
