epoch;acc;loss;val_acc;val_loss
0;0.9028466799460797;0.24366119912677323;0.748389864694719;0.7875039551672391
