epoch;acc;loss;val_acc;val_loss
0;0.7206191397430132;0.5682043259462954;0.6725146179659325;0.626480396902352
1;0.7321471855203349;0.5474619907909638;0.7357456124665445;0.531756602096976
