epoch;acc;loss;val_acc;val_loss
0;0.8397540813736495;0.35785558949848845;0.8497807012315381;0.3354548589702238
